page,dealPrice,originalPrice,itemDescription
1,300.00,429.00,"NordicTrack 50 Lb iSelect Adjustable Dumbbells, Works with Alexa, Sold as Pair"
1,47.99,64.99,Hamilton Beach Kitchen Appliances
1,24.99,39.99,Fire TV Stick
1,29.99,39.99,Echo Dot (3rd Gen)
1,37.50,50.00,COVID-19 Home Tests
1,67.97,89.97,Jersey Frame Display Case by flybold | Shadow Box Memorabilia Display Cases | Acrylic Anti Fade UV Protection with Gold Locks
1,16.14,18.99,"Princess Theme Easter Craft Kit by jackinthebox | Make a Cape, Tiara and Wand | Best Gift for Girls Ages 5 6 7 8 Years | 3 Craft Projects in 1 Box"
1,33.99,39.99,"GPEESTRAC Ear Wax Removal Ear Camera Wireless Ear Otoscope with 6 LED Light Earwax Cleaner Compatible with iPhone iPad Android Earwax Removal Kit for Kids, Adults,Pets"
1,8.96,9.98,[2 Pack] Compatible for Apple Watch Case 44mm Series 6/5/4/SE iWatch Screen Protector 44mm Watch Cover Built in Tempered Glass Ultra-Thin Hard PC Case for Women Men(Black + Clear)
1,33.99,59.99,"Dog Bark Collar for Small Medium Large Dogs,No Bark Collar with No Shock Mode,Rechargeable Anti Barking Collar with Beep Vibration Harmless Shock - Black"
1,14.99,22.99,"Universal Waterproof Phone Pouch,Waterproof Phone Pouch Compatible for iPhone 13 12 11 Pro Max XS Max XR X 8 7 Samsung Galaxy s10/s9 Up to 7.0"", IPX8 Cell Phone Dry Bag -2 Pack Black"
1,12.99,22.99,"USB C Female to USB Male Adapter 4 Pack,Type A Charger Cable Power Converter for iPhone 11 12 13 Pro Max,Apple iWatch Watch Series 7 SE,AirPods iPad Air,Samsung Galaxy Note 10 20 S22 S21 S20 Plus"
1,21.25,33.99,"Organic Probiotics 100 Billion CFU, Dr Formulated Probiotics for Women, Probiotics for Men and Adults, Complete Shelf Stable Probiotic Supplement with Prebiotics & Digestive Enzymes; 30 Capsules"
1,823.74,969.11,"ALORAIR Storm LGR Extreme Smart WiFi Commercial Dehumidifier with Pump, 180 PPD at AHAM, 5 Years Warranty, cETL Listed, Memory Starting, for Damage Restoration, Crawlspace and Basement Drying, Red"
1,59.99,109.99,Echo Show 8
1,50.15,59.00,"AgelessLX Anti Aging Supplement for Women - with HMB Collagen Enhancer Plus Vitamin D3 and K2, Horsetail and Biotin"
1,34.99,49.99,Fire TV Stick 4K
1,39.99,49.99,Echo Dot (4th Gen)
1,"1,299.99","1,549.99","GIGABYTE GeForce RTX 3080 Ti Gaming OC 12G Graphics Card, 3X WINDFORCE Fans, 12GB 384-Bit GDDR6X, GV-N308TGAMING OC-12GD Video Card"
1,44.99,59.99,Echo Dot (4th Gen) With Clock
1,20.39,25.99,"Paleovalley: 100% Grass Fed Beef Sticks - Organic Paleo and Keto Snack With Natural Probiotics - No Gluten, Soy, or GMOs - Shelf Stable - Made in the USA"
1,169.98,219.99,"Portable Monitor - KYY 15.6inch 1080P FHD USB-C Laptop Monitor HDMI Computer Display HDR IPS Gaming Monitor w/Premium Smart Cover & Speakers, External Monitor for Laptop PC Mac Phone PS4 Xbox Switch"
1,84.99,99.99,"Amcrest UltraHD 4K (8MP) Outdoor Bullet POE IP Camera, 3840x2160, 98ft NightVision, 2.8mm Lens, IP67 Weatherproof, MicroSD Recording, White (IP8M-2496EW-V2)"
1,29.74,34.99,"No Pull Dog Harness with Multifunction Dog Leash,Lightweight Pet Harness Vest and Soft Adjustable No Choke Escape Proof Cute Dog Harness for Puppies or Small Dogs,Medium Dogs"
1,29.95,59.95,AquaSonic Black Series Ultra Whitening Toothbrush – ADA Accepted Electric Toothbrush - 8 Brush Heads & Travel Case - Ultra Sonic Motor & Wireless Charging - 4 Modes w Smart Timer - Sonic Electric
1,179.99,299.99,"LG 27GP750-B 27” Ultragear FHD (1920 x 1080) IPS Gaming Monitor w/ 1ms Response Time & 240Hz Refresh Rate, NVIDIA G-SYNC Compatible with AMD FreeSync Premium, Thin Bezel, Tilt/Height/Pivot Adjustable"
1,"3,497.99","3,997.99","SAMSUNG 75-Inch Class Neo QLED 8K QN900A Series - 8K UHD Quantum HDR 64x Smart TV with Alexa Built-in (QN75QN900AFXZA, 2021 Model)"
1,17.49,20.95,"Advanced Collagen Supplement, Type 1, 2 and 3 with Hyaluronic Acid and Vitamin C - Anti Aging Joint Formula - Boosts Hair, Nails and Skin Health - 120 Capsules - by ForestLeaf"
1,15.99,39.88,50pcs KN95 Face Mask Black 5 Layer Cup Dust Safety Masks Filter Efficiency≥95% Breathable Elastic Ear Loops Black Masks
1,8.91,19.99,"PURA D'OR Organic Vitamin E Oil (4oz / 118mL) 70,000 IU 100% Pure Natural USDA Organic For Skin Face Hexane Free w/Sweet Almond, Apricot, Jojoba, Argan, Rosehip, Sunflower & Avocado Oil For Bath Body"
1,135.14,180.99,"HYD-Parts Double-Roofed Outdoor Gazebo Pop Up Canopy with Lights, Mosquito Net, Extended Eaves"
2,49.99,59.99,Save up to 17% on TurboTax Deluxe + State 2021
2,44.99,54.99,Fire TV Stick 4K Max
2,22.96,38.99,Spider-Man: No Way Home [Blu-ray]
2,109.00,164.00,"Jabra Speak 510 Wireless Bluetooth Speaker for Softphone and Mobile Phone – Easy Setup, Portable Speaker for Holding Meetings Anywhere with Outstanding Sound Quality"
2,99.99,129.99,Echo Show 8 (2nd Gen)
2,109.99,129.99,TP-Link WiFi 6 AX3000 Smart WiFi Router – 802.11ax Wireless Router
2,19.54,49.99,M3 Naturals Anti Cellulite Massage Oil Infused with Collagen and Stem Cell Natural Lotion Help Tighten Skin Tone
2,74.99,99.99,"Echo (4th Gen) | With premium sound, smart home hub, and Alexa"
2,54.99,84.99,Echo Show 5 (2nd Gen)
2,159.98,659.99,"Robot Vacuum and Mop, WiFi/App/Alexa, 2 in 1 Mopping Robot Vacuum Cleaner Combo with 230ML Water Tank, Robotic Vacuum Cleaner, Self-Charging, Super-Thin, Ideal for Hard Floor, Pet Hair, Carpet (Blue)"
2,149.99,199.99,Jabra Elite 7 Pro Earbuds
2,79.99,89.99,Dreo 42 Inch Tower Fan with Remote. Floor Fan Oscillating 90°. Powerful Fan 6 Speeds. Quiet Bladeless Fan. 3 Modes. 12-Hour Timer. LED Display. Black Indoor Standing Fans for Home Bedroom Office Room
2,"1,996.99","2,246.99",LG OLED G1 Series 65” Alexa Built-in 4k Smart OLED evo TV
2,16.97,21.59,"Game Console Case for iPhone,LucBuy Retro Protective Cover Self-Powered Case with 36 Small Game,Full Color Display,Shockproof Video Game Case for iPhone 13/13Pro--6.1"
2,79.99,99.99,Save up to 20% on TurboTax Home & Business 2021
2,33.99,39.99,"Kiva Raw Manuka Honey, Certified UMF 15+ | MGO 514+ | 100% Pure Genuine New Zealand (8.8oz/250g Bottle) | Non-GMO | No Antibiotics | Traceable | UMF & MGO Certified"
2,599.95,800.00,JBL Bar 5.1 - Channel 4K Ultra HD Soundbar with True Wireless Surround Speakers
2,35.43,40.00,"Scott Essential Multifold Paper Towels (01804) with Fast-Drying Absorbency Pockets, White, 16 Packs / Case, 250 Multifold Towels / Pack"
2,48.99,66.99,Kitchen Geeks Vacuum Sealer Machine - Automatic Air Sealing System With Dry Moist Modes For Food Easy To Clean Compact Design LED Indicator Lights
2,11.24,16.99,20W USB C Power Delivery Wall Charger
2,159.99,229.99,eufy by Anker BoostIQ RoboVac 11S (Slim)
2,799.00,899.00,"Apple iPhone 12 Pro, 128GB, Pacific Blue - Unlocked (Renewed Premium)"
2,73.64,119.99,"TOLOCO Massage Gun, Upgrade Percussion Muscle Massage Gun for Athletes, Handheld Deep Tissue Massager, Black"
2,69.99,119.99,Fire TV Cube
2,26.34,50.00,Real Essentials Boys' 5-Pack Mesh Active Athletic Performance Basketball Shorts with Pockets
2,299.20,369.99,"PAXCESS Cordless Robotic Pool Cleaner, Automatic Pool Robot Vacuum with 60-90 Mins Working Time, Rechargeable Battery, IPX8 Waterproof for Above/In-Ground Swimming Pools Up to 861 Sq Ft"
2,186.99,219.99,"eufy Security Smart Lock Touch & Wi-Fi, Fingerprint Scanner, Keyless Entry Door Lock, Smart Wi-Fi Lock, Bluetooth Electronic Deadbolt, Touchscreen Keypad, BHMA Certified, IP65 Weatherproofing"
2,6.00,33.75,Up to 70% off BD Veritor At-Home COVID-19 Test
2,119.99,179.99,Certified Refurbished Ring Video Doorbell 3 Plus
2,79.99,99.99,BlueParrott M300-XT Noise Cancelling Hands-free Mono Bluetooth Headset for Mobile Phones with up to 14 Hours of Talk Time for On-The-Go Mobile Professionals & Drivers
2,149.99,189.99,"SAMSUNG 23.5” CF396 Curved Computer Monitor, AMD FreeSync for Advanced Gaming, 4ms Response Time, Wide Viewing Angle, Ultra Slim Design, LC24F396FHNXZA, Black"
2,329.99,449.99,Insignia 55-inch F30 Series LED 4K Smart Fire TV
2,19.99,29.99,Magicteam Sound Machines White Noise Machine with 20 Non Looping Natural Soothing Sounds and Memory Function 32 Levels of Volume Powered by AC or USB and Sleep Sound Timer Therapy for Baby Kids Adults
3,118.99,159.99,"WOLFBOX 12“ Mirror Dash Cam Backup Camera,1296P Full HD Smart Rearview Mirror for Cars & Trucks, 1080P Front and Rear View Dual Cameras, Night Vision, Parking Assistance, Free 32GB Card & GPS"
3,19.99,29.96,"PREMIUM CARE Calming Chews for Dogs - Made in USA - Helps with Dog Anxiety, Separation, Barking, Stress Relief, Thunderstorms and More - Natural Calming Relaxer for Aggressive Behavior - 120 Treats"
3,19.99,29.99,Fire TV Stick Lite
3,69.99,89.99,Save up to 22% on TurboTax Premier 2021
3,49.95,79.95,Fitbit Easter Sale
3,53.99,59.99,"TP-Link AC1750 Smart WiFi Router (Archer A7) -Dual Band Gigabit Wireless Internet Router for Home, Works with Alexa, VPN Server, Parental Control, QoS"
3,119.99,169.99,Insignia 24-inch 720p HD Smart Fire TV
3,79.99,89.99,Save on Dreo 42in Tower Fan Cruiser Pro T2
3,228.09,278.09,"Bissell Pet Hair Eraser Turbo Rewind Upright Vacuum Cleaner, 27909, Blue"
3,69.99,89.99,Certified Refurbished Ring Stick Up Camera Battery
3,17.99,30.59,"First Aid Only All-Purpose Essentials Soft-Sided First Aid Kit, Blue, 298 Pieces"
3,108.00,123.59,"BISSELL Little Green Multi-Purpose Portable Carpet and Upholstery Cleaner, 1400B"
3,210.37,239.99,"4moms mamaRoo 4 Multi-Motion Baby Swing, Bluetooth Baby Rocker with 5 Unique Motions, Nylon Fabric, Black"
3,127.49,219.99,"ZSCMALLS Portable Monitor 15.6 Inch Full HD Computer Display USB C Dual Monitor with Speaker, Gaming Monitor for PS3 PS4 Xbox Nintendo Raspberry pi"
3,10.19,11.99,[Apple MFi Certified] 6Pack 3/3/6/6/6/10 FT iPhone Charger Nylon Braided Fast Charging Lightning Cable Compatible iPhone 13 mini/13/12/11 Pro MAX/XR/XS/8/7/Plus/6S/SE/iPad
3,10.99,13.99,"USB Wall Charger, [Apple MFi Certified] iPhone Charger Lightning Cable 6FT(4PACK) Fast Charging Data Sync Cords Dual Port USB Plug Compatible with iPhone 12/mini/Pro/Max/11/Pro/Xs/XR/X/8/7/Plus"
3,17.90,26.39,"Phillips Colon Health - Probiotics Capsules - Immune Support - Helps Defend Occasional Gas, Bloating, Constipation, & Diarrhea - 60 Count"
3,299.99,399.99,Insignia 50-inch F30 Series LED 4K Smart Fire TV
3,149.99,179.99,Insignia 32-inch 720p HD Smart Fire TV
3,59.95,79.95,Up to 25% off JBL Portable Speakers
4,16.99,38.50,"Rip Van Chocolate Hazelnut Wafer Cookies - Healthy Snacks - Non GMO Snack - Keto Snacks - Low Carb, Low Sugar (2g), Low Calorie and Vegan Snack - 16 Count"
4,15.39,19.99,"This 3x5 ft outdoor embroidered American flag is the most durable,made in USA luxury embroidered star with brightly colored brass Grommets"
4,275.19,329.99,"EGO Power+ ST1502LB 15-Inch 530CFM Blower Combo Kit String_Trimmer, Blower & Trimmer (2.5Ah Battery Included), Black"
4,25.47,39.97,"BEAUTURAL Steamer for Clothes, Portable Handheld Garment Fabric Wrinkles Remover, 30-Second Fast Heat-up, Auto-Off, Large Detachable Water Tank"
4,9.34,16.99,"QHOHQ 3 Pack Screen Protector Compatible for iPhone 13 Pro Max 6.7"" with 3 Pack Camera Lens Protector, Ultra HD Full Screen Tempered Glass, 9H Hardness, Scratch Resistant, Easy Install - Case Friendly"
4,59.49,69.99,"Scott Shop Towels Original (75130), Blue Shop Towels, 1 Roll/Pack, 30 Packs/Case"
4,96.04,112.99,MP5 Player for car
4,76.49,179.99,"TODALE Baby Playpen for Toddler, Large Baby Playard, Indoor & Outdoor Kids Activity Center with Anti-Slip Base, Sturdy Safety Play Yard with Soft Breathable Mesh, Playpen for Babies(Gray,50”×50”)"
4,21.25,34.99,"Digestive Enzymes 1000MG Plus Prebiotics & Probiotics Supplement, 180 Capsules, Organic Plant-Based Vegan Formula for Digestion & Lactose with Amylase & Bromelain, 3-6 Month Supply"
4,185.28,699.98,"INSE Cordless Vacuum Cleaner, 23Kpa 265W Powerful Suction Stick Vacuum Cleaner, Up to 45min Runtime, Rechargeable Batt, 10-in-1 Lightweight Vacuum for Carpet Hard Floor Pet Hair Car, S6T Blue"
4,11.04,14.98,"[Apple MFi Certified] iPhone Fast Charger, 20W USB C Power Delivery Wall Charger Plug with 6ft Type C to Lightning Cable Quick Charging Data Sync Cord for iPhone 13 12 11 Pro Max Mini Xs Xr X 8 iPad"
4,14.44,16.99,"Apple Cider Vinegar Pills 1600MG - Powerful ACV Capsules for Natural Weight Management, Detox, Digestion - Supports Healthy Blood Sugar & Immune System"
4,30.00,35.30,"Qunol Mega Ubiquinol Coq10 100mg, Superior Absorption, Patented Water and Fat Soluble Natural Supplement Form of Coenzyme Q10, Antioxidant for Heart Health, 60 Softgels, Pack of 2"
4,359.99,411.99,"BISSELL, 2554A CrossWave Cordless Max All in One Wet-Dry Vacuum Cleaner and Mop for Hard Floors and Area Rugs, Black/Pearl White with Electric Blue Accents"
4,119.99,149.99,Save up to 20% on TurboTax Business 2021
4,4.99,11.99,Dolls & Playsets from LOL Surprise
4,28.83,33.92,"VitaLiver - Advanced Liver Support Supplement - Liquid Delivery for Better Absorption - Milk Thistle, Artichoke, Chanca Piedra, Dandelion & More!"
